adapter,adapter_config,case_id,outcome,error_class,wall_s,lm_calls,response_format_sent,matched,total,ratio,exact,wrong,missing,spurious,total_tokens
chat,ChatAdapter(use_json_adapter_fallback=False),case-0000,parse_error,AdapterParseError,18.719092142011505,1,none,0,12,0.0,False,,address.city;address.postcode;address.street;age;contacts[0].email;contacts[0].phone;contacts[1].email;contacts[1].phone;employment;name;tags[0];tags[1],,1365
chat,ChatAdapter(use_json_adapter_fallback=False),case-0001,parse_error,AdapterParseError,2.4684000939887483,1,none,0,14,0.0,False,,address.city;address.postcode;address.street;age;contacts[0].email;contacts[0].phone;contacts[1].email;contacts[1].phone;employment.company;employment.role;employment.years;name;tags[0];tags[1],,1385
chat,ChatAdapter(use_json_adapter_fallback=False),case-0002,parse_error,AdapterParseError,2.408591985993553,1,none,0,10,0.0,False,,address.city;address.postcode;address.street;age;contacts[0].email;contacts[0].phone;employment;name;tags[0];tags[1],,1328
chat,ChatAdapter(use_json_adapter_fallback=False),case-0003,parse_error,AdapterParseError,2.3990743519971147,1,none,0,11,0.0,False,,address.city;address.postcode;address.street;age;employment.company;employment.role;employment.years;name;tags[0];tags[1];tags[2],,1343
chat,ChatAdapter(use_json_adapter_fallback=False),case-0004,parse_error,AdapterParseError,2.2227084240003023,1,none,0,10,0.0,False,,address.city;address.postcode;address.street;age;contacts[0].email;contacts[0].phone;employment.company;employment.role;employment.years;name,,1328
chat,ChatAdapter(use_json_adapter_fallback=False),case-0005,parse_error,AdapterParseError,1.49312656300026,1,none,0,8,0.0,False,,address.city;address.postcode;address.street;age;employment;name;tags[0];tags[1],,1086
chat,ChatAdapter(use_json_adapter_fallback=False),case-0006,parse_error,AdapterParseError,2.3749082180147525,1,none,0,13,0.0,False,,address.city;address.postcode;address.street;age;contacts[0].email;contacts[0].phone;employment.company;employment.role;employment.years;name;tags[0];tags[1];tags[2],,1355
chat,ChatAdapter(use_json_adapter_fallback=False),case-0007,parse_error,AdapterParseError,2.3230287460028194,1,none,0,10,0.0,False,,address.city;address.postcode;address.street;age;employment.company;employment.role;employment.years;name;tags[0];tags[1],,1340
chat,ChatAdapter(use_json_adapter_fallback=False),case-0008,parse_error,AdapterParseError,2.426984996011015,1,none,0,8,0.0,False,,address.city;address.postcode;address.street;age;employment.company;employment.role;employment.years;name,,1338
chat,ChatAdapter(use_json_adapter_fallback=False),case-0009,parse_error,AdapterParseError,2.3298573259962723,1,none,0,10,0.0,False,,address.city;address.postcode;address.street;age;employment.company;employment.role;employment.years;name;tags[0];tags[1],,1345
chat,ChatAdapter(use_json_adapter_fallback=False),case-0010,parse_error,AdapterParseError,2.3912389620090835,1,none,0,14,0.0,False,,address.city;address.postcode;address.street;age;contacts[0].email;contacts[0].phone;contacts[1].email;contacts[1].phone;employment.company;employment.role;employment.years;name;tags[0];tags[1],,1383
chat,ChatAdapter(use_json_adapter_fallback=False),case-0011,parse_error,AdapterParseError,3.6749162579944823,1,none,0,9,0.0,False,,address.city;address.postcode;address.street;age;contacts[0].email;contacts[0].phone;employment;name;tags[0],,1672
chat,ChatAdapter(use_json_adapter_fallback=False),case-0012,parse_error,AdapterParseError,3.3394358049845323,1,none,0,12,0.0,False,,address.city;address.postcode;address.street;age;contacts[0].email;contacts[0].phone;employment.company;employment.role;employment.years;name;tags[0];tags[1],,1668
chat,ChatAdapter(use_json_adapter_fallback=False),case-0013,parse_error,AdapterParseError,2.1039715530059766,1,none,0,11,0.0,False,,address.city;address.postcode;address.street;age;contacts[0].email;contacts[0].phone;employment.company;employment.role;employment.years;name;tags[0],,1339
chat,ChatAdapter(use_json_adapter_fallback=False),case-0014,parse_error,AdapterParseError,1.4826714779774193,1,none,0,10,0.0,False,,address.city;address.postcode;address.street;age;employment.company;employment.role;employment.years;name;tags[0];tags[1],,1157
chat,ChatAdapter(use_json_adapter_fallback=False),case-0015,parse_error,AdapterParseError,2.135615153994877,1,none,0,10,0.0,False,,address.city;address.postcode;address.street;age;contacts[0].email;contacts[0].phone;employment.company;employment.role;employment.years;name,,1357
chat,ChatAdapter(use_json_adapter_fallback=False),case-0016,parse_error,AdapterParseError,2.121235609985888,1,none,0,12,0.0,False,,address.city;address.postcode;address.street;age;contacts[0].email;contacts[0].phone;contacts[1].email;contacts[1].phone;employment.company;employment.role;employment.years;name,,1386
chat,ChatAdapter(use_json_adapter_fallback=False),case-0017,parse_error,AdapterParseError,2.1042011470126454,1,none,0,10,0.0,False,,address.city;address.postcode;address.street;age;contacts[0].email;contacts[0].phone;employment.company;employment.role;employment.years;name,,1340
chat,ChatAdapter(use_json_adapter_fallback=False),case-0018,parse_error,AdapterParseError,2.117786488001002,1,none,0,12,0.0,False,,address.city;address.postcode;address.street;age;contacts[0].email;contacts[0].phone;employment.company;employment.role;employment.years;name;tags[0];tags[1],,1356
chat,ChatAdapter(use_json_adapter_fallback=False),case-0019,parse_error,AdapterParseError,2.096723939990625,1,none,0,13,0.0,False,,address.city;address.postcode;address.street;age;contacts[0].email;contacts[0].phone;employment.company;employment.role;employment.years;name;tags[0];tags[1];tags[2],,1352
chat,ChatAdapter(use_json_adapter_fallback=False),case-0020,parse_error,AdapterParseError,2.1537358890054747,1,none,0,8,0.0,False,,address.city;address.postcode;address.street;age;employment;name;tags[0];tags[1],,1311
chat,ChatAdapter(use_json_adapter_fallback=False),case-0021,parse_error,AdapterParseError,2.1214291020005476,1,none,0,13,0.0,False,,address.city;address.postcode;address.street;age;contacts[0].email;contacts[0].phone;contacts[1].email;contacts[1].phone;employment.company;employment.role;employment.years;name;tags[0],,1366
chat,ChatAdapter(use_json_adapter_fallback=False),case-0022,parse_error,AdapterParseError,3.3354936149844434,1,none,0,8,0.0,False,,address.city;address.postcode;address.street;age;contacts[0].email;contacts[0].phone;employment;name,,1664
chat,ChatAdapter(use_json_adapter_fallback=False),case-0023,parse_error,AdapterParseError,2.1358994960028213,1,none,0,15,0.0,False,,address.city;address.postcode;address.street;age;contacts[0].email;contacts[0].phone;contacts[1].email;contacts[1].phone;employment.company;employment.role;employment.years;name;tags[0];tags[1];tags[2],,1380
chat,ChatAdapter(use_json_adapter_fallback=False),case-0024,parse_error,AdapterParseError,2.7819075179868378,1,none,0,10,0.0,False,,address.city;address.postcode;address.street;age;contacts[0].email;contacts[0].phone;employment.company;employment.role;employment.years;name,,1557
chat,ChatAdapter(use_json_adapter_fallback=False),case-0025,parse_error,AdapterParseError,2.10633548599435,1,none,0,10,0.0,False,,address.city;address.postcode;address.street;age;contacts[0].email;contacts[0].phone;contacts[1].email;contacts[1].phone;employment;name,,1357
chat,ChatAdapter(use_json_adapter_fallback=False),case-0026,parse_error,AdapterParseError,2.1002073679992463,1,none,0,12,0.0,False,,address.city;address.postcode;address.street;age;contacts[0].email;contacts[0].phone;employment.company;employment.role;employment.years;name;tags[0];tags[1],,1352
chat,ChatAdapter(use_json_adapter_fallback=False),case-0027,parse_error,AdapterParseError,2.0586058119952213,1,none,0,10,0.0,False,,address.city;address.postcode;address.street;age;employment.company;employment.role;employment.years;name;tags[0];tags[1],,1332
chat,ChatAdapter(use_json_adapter_fallback=False),case-0028,parse_error,AdapterParseError,2.1144604249857366,1,none,0,9,0.0,False,,address.city;address.postcode;address.street;age;contacts[0].email;contacts[0].phone;employment;name;tags[0],,1347
chat,ChatAdapter(use_json_adapter_fallback=False),case-0029,parse_error,AdapterParseError,3.2213319149741437,1,none,0,11,0.0,False,,address.city;address.postcode;address.street;age;employment.company;employment.role;employment.years;name;tags[0];tags[1];tags[2],,1670
json,JSONAdapter(),case-0000,validation_error,ValidationError,2.583927172003314,1,json_object,0,12,0.0,False,,address.city;address.postcode;address.street;age;contacts[0].email;contacts[0].phone;contacts[1].email;contacts[1].phone;employment;name;tags[0];tags[1],,1505
json,JSONAdapter(),case-0001,validation_error,ValidationError,0.6057045969937462,1,json_object,0,14,0.0,False,,address.city;address.postcode;address.street;age;contacts[0].email;contacts[0].phone;contacts[1].email;contacts[1].phone;employment.company;employment.role;employment.years;name;tags[0];tags[1],,992
json,JSONAdapter(),case-0002,validation_error,ValidationError,0.6231627259985544,1,json_object,0,10,0.0,False,,address.city;address.postcode;address.street;age;contacts[0].email;contacts[0].phone;employment;name;tags[0];tags[1],,869
json,JSONAdapter(),case-0003,validation_error,ValidationError,0.6025178679847158,1,json_object,0,11,0.0,False,,address.city;address.postcode;address.street;age;employment.company;employment.role;employment.years;name;tags[0];tags[1];tags[2],,960
json,JSONAdapter(),case-0004,validation_error,ValidationError,0.2733878930157516,1,json_object,0,10,0.0,False,,address.city;address.postcode;address.street;age;contacts[0].email;contacts[0].phone;employment.company;employment.role;employment.years;name,,884
json,JSONAdapter(),case-0005,validation_error,ValidationError,2.593581062013982,1,json_object,0,8,0.0,False,,address.city;address.postcode;address.street;age;employment;name;tags[0];tags[1],,1436
json,JSONAdapter(),case-0006,validation_error,ValidationError,2.6000636570097413,1,json_object,0,13,0.0,False,,address.city;address.postcode;address.street;age;contacts[0].email;contacts[0].phone;employment.company;employment.role;employment.years;name;tags[0];tags[1];tags[2],,1514
json,JSONAdapter(),case-0007,validation_error,ValidationError,0.5505070910148788,1,json_object,0,10,0.0,False,,address.city;address.postcode;address.street;age;employment.company;employment.role;employment.years;name;tags[0];tags[1],,937
json,JSONAdapter(),case-0008,validation_error,ValidationError,0.2958317610027734,1,json_object,0,8,0.0,False,,address.city;address.postcode;address.street;age;employment.company;employment.role;employment.years;name,,858
json,JSONAdapter(),case-0009,validation_error,ValidationError,2.475837824982591,1,json_object,0,10,0.0,False,,address.city;address.postcode;address.street;age;employment.company;employment.role;employment.years;name;tags[0];tags[1],,1483
json,JSONAdapter(),case-0010,validation_error,ValidationError,0.9661013669974636,1,json_object,0,14,0.0,False,,address.city;address.postcode;address.street;age;contacts[0].email;contacts[0].phone;contacts[1].email;contacts[1].phone;employment.company;employment.role;employment.years;name;tags[0];tags[1],,1096
json,JSONAdapter(),case-0011,validation_error,ValidationError,0.7237728420004714,1,json_object,0,9,0.0,False,,address.city;address.postcode;address.street;age;contacts[0].email;contacts[0].phone;employment;name;tags[0],,1000
json,JSONAdapter(),case-0012,validation_error,ValidationError,0.5222844859817997,1,json_object,0,12,0.0,False,,address.city;address.postcode;address.street;age;contacts[0].email;contacts[0].phone;employment.company;employment.role;employment.years;name;tags[0];tags[1],,940
json,JSONAdapter(),case-0013,validation_error,ValidationError,0.2878426869865507,1,json_object,0,11,0.0,False,,address.city;address.postcode;address.street;age;contacts[0].email;contacts[0].phone;employment.company;employment.role;employment.years;name;tags[0],,864
json,JSONAdapter(),case-0014,validation_error,ValidationError,1.5362071709823795,1,json_object,0,10,0.0,False,,address.city;address.postcode;address.street;age;employment.company;employment.role;employment.years;name;tags[0];tags[1],,1220
json,JSONAdapter(),case-0015,validation_error,ValidationError,0.9154242009972222,1,json_object,0,10,0.0,False,,address.city;address.postcode;address.street;age;contacts[0].email;contacts[0].phone;employment.company;employment.role;employment.years;name,,1050
json,JSONAdapter(),case-0016,validation_error,ValidationError,0.6561768090177793,1,json_object,0,12,0.0,False,,address.city;address.postcode;address.street;age;contacts[0].email;contacts[0].phone;contacts[1].email;contacts[1].phone;employment.company;employment.role;employment.years;name,,1002
json,JSONAdapter(),case-0017,validation_error,ValidationError,0.5011241449974477,1,json_object,0,10,0.0,False,,address.city;address.postcode;address.street;age;contacts[0].email;contacts[0].phone;employment.company;employment.role;employment.years;name,,924
json,JSONAdapter(),case-0018,validation_error,ValidationError,0.8677471550181508,1,json_object,0,12,0.0,False,,address.city;address.postcode;address.street;age;contacts[0].email;contacts[0].phone;employment.company;employment.role;employment.years;name;tags[0];tags[1],,1044
json,JSONAdapter(),case-0019,validation_error,ValidationError,0.8411703900201246,1,json_object,0,13,0.0,False,,address.city;address.postcode;address.street;age;contacts[0].email;contacts[0].phone;employment.company;employment.role;employment.years;name;tags[0];tags[1];tags[2],,1040
json,JSONAdapter(),case-0020,validation_error,ValidationError,0.3640747839817777,1,json_object,0,8,0.0,False,,address.city;address.postcode;address.street;age;employment;name;tags[0];tags[1],,857
json,JSONAdapter(),case-0021,validation_error,ValidationError,0.40432303500710987,1,json_object,0,13,0.0,False,,address.city;address.postcode;address.street;age;contacts[0].email;contacts[0].phone;contacts[1].email;contacts[1].phone;employment.company;employment.role;employment.years;name;tags[0],,933
json,JSONAdapter(),case-0022,validation_error,ValidationError,0.2950168579991441,1,json_object,0,8,0.0,False,,address.city;address.postcode;address.street;age;contacts[0].email;contacts[0].phone;employment;name,,874
json,JSONAdapter(),case-0023,validation_error,ValidationError,0.9145404170267284,1,json_object,0,15,0.0,False,,address.city;address.postcode;address.street;age;contacts[0].email;contacts[0].phone;contacts[1].email;contacts[1].phone;employment.company;employment.role;employment.years;name;tags[0];tags[1];tags[2],,1086
json,JSONAdapter(),case-0024,validation_error,ValidationError,0.267405210994184,1,json_object,0,10,0.0,False,,address.city;address.postcode;address.street;age;contacts[0].email;contacts[0].phone;employment.company;employment.role;employment.years;name,,879
json,JSONAdapter(),case-0025,validation_error,ValidationError,2.435517511999933,1,json_object,0,10,0.0,False,,address.city;address.postcode;address.street;age;contacts[0].email;contacts[0].phone;contacts[1].email;contacts[1].phone;employment;name,,1478
json,JSONAdapter(),case-0026,validation_error,ValidationError,0.519231021986343,1,json_object,0,12,0.0,False,,address.city;address.postcode;address.street;age;contacts[0].email;contacts[0].phone;employment.company;employment.role;employment.years;name;tags[0];tags[1],,943
json,JSONAdapter(),case-0027,validation_error,ValidationError,0.9189561670063995,1,json_object,0,10,0.0,False,,address.city;address.postcode;address.street;age;employment.company;employment.role;employment.years;name;tags[0];tags[1],,1037
json,JSONAdapter(),case-0028,validation_error,ValidationError,0.8591225650161505,1,json_object,0,9,0.0,False,,address.city;address.postcode;address.street;age;contacts[0].email;contacts[0].phone;employment;name;tags[0],,1035
json,JSONAdapter(),case-0029,validation_error,ValidationError,2.5157622219994664,1,json_object,0,11,0.0,False,,address.city;address.postcode;address.street;age;employment.company;employment.role;employment.years;name;tags[0];tags[1];tags[2],,1484
baml,BAMLAdapter(),case-0000,validation_error,ValidationError,0.6623546240152791,1,json_object,0,12,0.0,False,,address.city;address.postcode;address.street;age;contacts[0].email;contacts[0].phone;contacts[1].email;contacts[1].phone;employment;name;tags[0];tags[1],,569
baml,BAMLAdapter(),case-0001,validation_error,ValidationError,0.5293764079979155,1,json_object,0,14,0.0,False,,address.city;address.postcode;address.street;age;contacts[0].email;contacts[0].phone;contacts[1].email;contacts[1].phone;employment.company;employment.role;employment.years;name;tags[0];tags[1],,561
baml,BAMLAdapter(),case-0002,validation_error,ValidationError,0.5682171390217263,1,json_object,0,10,0.0,False,,address.city;address.postcode;address.street;age;contacts[0].email;contacts[0].phone;employment;name;tags[0];tags[1],,497
baml,BAMLAdapter(),case-0003,validation_error,ValidationError,0.578197552007623,1,json_object,0,11,0.0,False,,address.city;address.postcode;address.street;age;employment.company;employment.role;employment.years;name;tags[0];tags[1];tags[2],,521
baml,BAMLAdapter(),case-0004,validation_error,ValidationError,0.5938152830058243,1,json_object,0,10,0.0,False,,address.city;address.postcode;address.street;age;contacts[0].email;contacts[0].phone;employment.company;employment.role;employment.years;name,,543
baml,BAMLAdapter(),case-0005,validation_error,ValidationError,0.6401375400018878,1,json_object,0,8,0.0,False,,address.city;address.postcode;address.street;age;employment;name;tags[0];tags[1],,499
baml,BAMLAdapter(),case-0006,validation_error,ValidationError,0.5927709020033944,1,json_object,0,13,0.0,False,,address.city;address.postcode;address.street;age;contacts[0].email;contacts[0].phone;employment.company;employment.role;employment.years;name;tags[0];tags[1];tags[2],,537
baml,BAMLAdapter(),case-0007,validation_error,ValidationError,0.5518751770141535,1,json_object,0,10,0.0,False,,address.city;address.postcode;address.street;age;employment.company;employment.role;employment.years;name;tags[0];tags[1],,516
baml,BAMLAdapter(),case-0008,validation_error,ValidationError,0.5797010929964017,1,json_object,0,8,0.0,False,,address.city;address.postcode;address.street;age;employment.company;employment.role;employment.years;name,,510
baml,BAMLAdapter(),case-0009,validation_error,ValidationError,0.5857736339967232,1,json_object,0,10,0.0,False,,address.city;address.postcode;address.street;age;employment.company;employment.role;employment.years;name;tags[0];tags[1],,533
baml,BAMLAdapter(),case-0010,validation_error,ValidationError,0.5356242700072471,1,json_object,0,14,0.0,False,,address.city;address.postcode;address.street;age;contacts[0].email;contacts[0].phone;contacts[1].email;contacts[1].phone;employment.company;employment.role;employment.years;name;tags[0];tags[1],,567
baml,BAMLAdapter(),case-0011,validation_error,ValidationError,0.5539343849814031,1,json_object,0,9,0.0,False,,address.city;address.postcode;address.street;age;contacts[0].email;contacts[0].phone;employment;name;tags[0],,530
baml,BAMLAdapter(),case-0012,validation_error,ValidationError,0.6812578969984315,1,json_object,0,12,0.0,False,,address.city;address.postcode;address.street;age;contacts[0].email;contacts[0].phone;employment.company;employment.role;employment.years;name;tags[0];tags[1],,561
baml,BAMLAdapter(),case-0013,validation_error,ValidationError,0.5684461759810802,1,json_object,0,11,0.0,False,,address.city;address.postcode;address.street;age;contacts[0].email;contacts[0].phone;employment.company;employment.role;employment.years;name;tags[0],,518
baml,BAMLAdapter(),case-0014,validation_error,ValidationError,0.5925000910065137,1,json_object,0,10,0.0,False,,address.city;address.postcode;address.street;age;employment.company;employment.role;employment.years;name;tags[0];tags[1],,517
baml,BAMLAdapter(),case-0015,validation_error,ValidationError,0.5908032410079613,1,json_object,0,10,0.0,False,,address.city;address.postcode;address.street;age;contacts[0].email;contacts[0].phone;employment.company;employment.role;employment.years;name,,540
baml,BAMLAdapter(),case-0016,validation_error,ValidationError,0.5645982350106351,1,json_object,0,12,0.0,False,,address.city;address.postcode;address.street;age;contacts[0].email;contacts[0].phone;contacts[1].email;contacts[1].phone;employment.company;employment.role;employment.years;name,,567
baml,BAMLAdapter(),case-0017,validation_error,ValidationError,0.6093207350058947,1,json_object,0,10,0.0,False,,address.city;address.postcode;address.street;age;contacts[0].email;contacts[0].phone;employment.company;employment.role;employment.years;name,,532
baml,BAMLAdapter(),case-0018,validation_error,ValidationError,0.5571318450092804,1,json_object,0,12,0.0,False,,address.city;address.postcode;address.street;age;contacts[0].email;contacts[0].phone;employment.company;employment.role;employment.years;name;tags[0];tags[1],,533
baml,BAMLAdapter(),case-0019,validation_error,ValidationError,0.5017523569986224,1,json_object,0,13,0.0,False,,address.city;address.postcode;address.street;age;contacts[0].email;contacts[0].phone;employment.company;employment.role;employment.years;name;tags[0];tags[1];tags[2],,527
baml,BAMLAdapter(),case-0020,validation_error,ValidationError,0.6159080810029991,1,json_object,0,8,0.0,False,,address.city;address.postcode;address.street;age;employment;name;tags[0];tags[1],,508
baml,BAMLAdapter(),case-0021,validation_error,ValidationError,0.5922480220033322,1,json_object,0,13,0.0,False,,address.city;address.postcode;address.street;age;contacts[0].email;contacts[0].phone;contacts[1].email;contacts[1].phone;employment.company;employment.role;employment.years;name;tags[0],,543
baml,BAMLAdapter(),case-0022,validation_error,ValidationError,0.4325639279850293,1,json_object,0,8,0.0,False,,address.city;address.postcode;address.street;age;contacts[0].email;contacts[0].phone;employment;name,,494
baml,BAMLAdapter(),case-0023,validation_error,ValidationError,0.567098256025929,1,json_object,0,15,0.0,False,,address.city;address.postcode;address.street;age;contacts[0].email;contacts[0].phone;contacts[1].email;contacts[1].phone;employment.company;employment.role;employment.years;name;tags[0];tags[1];tags[2],,563
baml,BAMLAdapter(),case-0024,validation_error,ValidationError,0.5565158789977431,1,json_object,0,10,0.0,False,,address.city;address.postcode;address.street;age;contacts[0].email;contacts[0].phone;employment.company;employment.role;employment.years;name,,540
baml,BAMLAdapter(),case-0025,validation_error,ValidationError,0.5855004799959715,1,json_object,0,10,0.0,False,,address.city;address.postcode;address.street;age;contacts[0].email;contacts[0].phone;contacts[1].email;contacts[1].phone;employment;name,,546
baml,BAMLAdapter(),case-0026,validation_error,ValidationError,0.5401747210125905,1,json_object,0,12,0.0,False,,address.city;address.postcode;address.street;age;contacts[0].email;contacts[0].phone;employment.company;employment.role;employment.years;name;tags[0];tags[1],,526
baml,BAMLAdapter(),case-0027,validation_error,ValidationError,0.5870719810191076,1,json_object,0,10,0.0,False,,address.city;address.postcode;address.street;age;employment.company;employment.role;employment.years;name;tags[0];tags[1],,521
baml,BAMLAdapter(),case-0028,validation_error,ValidationError,0.5999103570065927,1,json_object,0,9,0.0,False,,address.city;address.postcode;address.street;age;contacts[0].email;contacts[0].phone;employment;name;tags[0],,535
baml,BAMLAdapter(),case-0029,validation_error,ValidationError,0.6153391620027833,1,json_object,0,11,0.0,False,,address.city;address.postcode;address.street;age;employment.company;employment.role;employment.years;name;tags[0];tags[1];tags[2],,545
sola-json-sections,"StructuredOutputAdapter(output_mode=JSON, prompt_layout=SECTIONS)",case-0000,validation_error,ValidationError,0.29647919701528735,1,json_object,0,12,0.0,False,,address.city;address.postcode;address.street;age;contacts[0].email;contacts[0].phone;contacts[1].email;contacts[1].phone;employment;name;tags[0];tags[1],,814
sola-json-sections,"StructuredOutputAdapter(output_mode=JSON, prompt_layout=SECTIONS)",case-0001,validation_error,ValidationError,0.4480221589910798,1,json_object,0,14,0.0,False,,address.city;address.postcode;address.street;age;contacts[0].email;contacts[0].phone;contacts[1].email;contacts[1].phone;employment.company;employment.role;employment.years;name;tags[0];tags[1],,889
sola-json-sections,"StructuredOutputAdapter(output_mode=JSON, prompt_layout=SECTIONS)",case-0002,validation_error,ValidationError,0.6212004310218617,1,json_object,0,10,0.0,False,,address.city;address.postcode;address.street;age;contacts[0].email;contacts[0].phone;employment;name;tags[0];tags[1],,871
sola-json-sections,"StructuredOutputAdapter(output_mode=JSON, prompt_layout=SECTIONS)",case-0003,validation_error,ValidationError,0.7542002240079455,1,json_object,0,11,0.0,False,,address.city;address.postcode;address.street;age;employment.company;employment.role;employment.years;name;tags[0];tags[1];tags[2],,919
sola-json-sections,"StructuredOutputAdapter(output_mode=JSON, prompt_layout=SECTIONS)",case-0004,validation_error,ValidationError,0.2703998599899933,1,json_object,0,10,0.0,False,,address.city;address.postcode;address.street;age;contacts[0].email;contacts[0].phone;employment.company;employment.role;employment.years;name,,809
sola-json-sections,"StructuredOutputAdapter(output_mode=JSON, prompt_layout=SECTIONS)",case-0005,validation_error,ValidationError,1.3976436209923122,1,json_object,0,8,0.0,False,,address.city;address.postcode;address.street;age;employment;name;tags[0];tags[1],,1070
sola-json-sections,"StructuredOutputAdapter(output_mode=JSON, prompt_layout=SECTIONS)",case-0006,validation_error,ValidationError,2.068614713003626,1,json_object,0,13,0.0,False,,address.city;address.postcode;address.street;age;contacts[0].email;contacts[0].phone;employment.company;employment.role;employment.years;name;tags[0];tags[1];tags[2],,1315
sola-json-sections,"StructuredOutputAdapter(output_mode=JSON, prompt_layout=SECTIONS)",case-0007,validation_error,ValidationError,0.9050881899893284,1,json_object,0,10,0.0,False,,address.city;address.postcode;address.street;age;employment.company;employment.role;employment.years;name;tags[0];tags[1],,952
sola-json-sections,"StructuredOutputAdapter(output_mode=JSON, prompt_layout=SECTIONS)",case-0008,validation_error,ValidationError,0.21961800500866957,1,json_object,0,8,0.0,False,,address.city;address.postcode;address.street;age;employment.company;employment.role;employment.years;name,,759
sola-json-sections,"StructuredOutputAdapter(output_mode=JSON, prompt_layout=SECTIONS)",case-0009,validation_error,ValidationError,0.4726815629983321,1,json_object,0,10,0.0,False,,address.city;address.postcode;address.street;age;employment.company;employment.role;employment.years;name;tags[0];tags[1],,846
sola-json-sections,"StructuredOutputAdapter(output_mode=JSON, prompt_layout=SECTIONS)",case-0010,validation_error,ValidationError,0.796376615006011,1,json_object,0,14,0.0,False,,address.city;address.postcode;address.street;age;contacts[0].email;contacts[0].phone;contacts[1].email;contacts[1].phone;employment.company;employment.role;employment.years;name;tags[0];tags[1],,965
sola-json-sections,"StructuredOutputAdapter(output_mode=JSON, prompt_layout=SECTIONS)",case-0011,validation_error,ValidationError,0.836043930001324,1,json_object,0,9,0.0,False,,address.city;address.postcode;address.street;age;contacts[0].email;contacts[0].phone;employment;name;tags[0],,949
sola-json-sections,"StructuredOutputAdapter(output_mode=JSON, prompt_layout=SECTIONS)",case-0012,validation_error,ValidationError,0.31556295198970474,1,json_object,0,12,0.0,False,,address.city;address.postcode;address.street;age;contacts[0].email;contacts[0].phone;employment.company;employment.role;employment.years;name;tags[0];tags[1],,795
sola-json-sections,"StructuredOutputAdapter(output_mode=JSON, prompt_layout=SECTIONS)",case-0013,validation_error,ValidationError,0.27759412297746167,1,json_object,0,11,0.0,False,,address.city;address.postcode;address.street;age;contacts[0].email;contacts[0].phone;employment.company;employment.role;employment.years;name;tags[0],,788
sola-json-sections,"StructuredOutputAdapter(output_mode=JSON, prompt_layout=SECTIONS)",case-0014,validation_error,ValidationError,0.7794834179803729,1,json_object,0,10,0.0,False,,address.city;address.postcode;address.street;age;employment.company;employment.role;employment.years;name;tags[0];tags[1],,924
sola-json-sections,"StructuredOutputAdapter(output_mode=JSON, prompt_layout=SECTIONS)",case-0015,validation_error,ValidationError,0.20852846998604946,1,json_object,0,10,0.0,False,,address.city;address.postcode;address.street;age;contacts[0].email;contacts[0].phone;employment.company;employment.role;employment.years;name,,793
sola-json-sections,"StructuredOutputAdapter(output_mode=JSON, prompt_layout=SECTIONS)",case-0016,validation_error,ValidationError,0.8163802069902886,1,json_object,0,12,0.0,False,,address.city;address.postcode;address.street;age;contacts[0].email;contacts[0].phone;contacts[1].email;contacts[1].phone;employment.company;employment.role;employment.years;name,,986
sola-json-sections,"StructuredOutputAdapter(output_mode=JSON, prompt_layout=SECTIONS)",case-0017,validation_error,ValidationError,0.4025788819999434,1,json_object,0,10,0.0,False,,address.city;address.postcode;address.street;age;contacts[0].email;contacts[0].phone;employment.company;employment.role;employment.years;name,,823
sola-json-sections,"StructuredOutputAdapter(output_mode=JSON, prompt_layout=SECTIONS)",case-0018,validation_error,ValidationError,0.849609689990757,1,json_object,0,12,0.0,False,,address.city;address.postcode;address.street;age;contacts[0].email;contacts[0].phone;employment.company;employment.role;employment.years;name;tags[0];tags[1],,926
sola-json-sections,"StructuredOutputAdapter(output_mode=JSON, prompt_layout=SECTIONS)",case-0019,validation_error,ValidationError,0.8543280999874696,1,json_object,0,13,0.0,False,,address.city;address.postcode;address.street;age;contacts[0].email;contacts[0].phone;employment.company;employment.role;employment.years;name;tags[0];tags[1];tags[2],,951
sola-json-sections,"StructuredOutputAdapter(output_mode=JSON, prompt_layout=SECTIONS)",case-0020,validation_error,ValidationError,0.2984971410187427,1,json_object,0,8,0.0,False,,address.city;address.postcode;address.street;age;employment;name;tags[0];tags[1],,759
sola-json-sections,"StructuredOutputAdapter(output_mode=JSON, prompt_layout=SECTIONS)",case-0021,validation_error,ValidationError,0.7028610389970709,1,json_object,0,13,0.0,False,,address.city;address.postcode;address.street;age;contacts[0].email;contacts[0].phone;contacts[1].email;contacts[1].phone;employment.company;employment.role;employment.years;name;tags[0],,906
sola-json-sections,"StructuredOutputAdapter(output_mode=JSON, prompt_layout=SECTIONS)",case-0022,validation_error,ValidationError,0.22834604300442152,1,json_object,0,8,0.0,False,,address.city;address.postcode;address.street;age;contacts[0].email;contacts[0].phone;employment;name,,775
sola-json-sections,"StructuredOutputAdapter(output_mode=JSON, prompt_layout=SECTIONS)",case-0023,validation_error,ValidationError,0.8968664380081464,1,json_object,0,15,0.0,False,,address.city;address.postcode;address.street;age;contacts[0].email;contacts[0].phone;contacts[1].email;contacts[1].phone;employment.company;employment.role;employment.years;name;tags[0];tags[1];tags[2],,980
sola-json-sections,"StructuredOutputAdapter(output_mode=JSON, prompt_layout=SECTIONS)",case-0024,validation_error,ValidationError,0.23478955699829385,1,json_object,0,10,0.0,False,,address.city;address.postcode;address.street;age;contacts[0].email;contacts[0].phone;employment.company;employment.role;employment.years;name,,794
sola-json-sections,"StructuredOutputAdapter(output_mode=JSON, prompt_layout=SECTIONS)",case-0025,validation_error,ValidationError,0.22064555701217614,1,json_object,0,10,0.0,False,,address.city;address.postcode;address.street;age;contacts[0].email;contacts[0].phone;contacts[1].email;contacts[1].phone;employment;name,,794
sola-json-sections,"StructuredOutputAdapter(output_mode=JSON, prompt_layout=SECTIONS)",case-0026,validation_error,ValidationError,0.7829479060019366,1,json_object,0,12,0.0,False,,address.city;address.postcode;address.street;age;contacts[0].email;contacts[0].phone;employment.company;employment.role;employment.years;name;tags[0];tags[1],,928
sola-json-sections,"StructuredOutputAdapter(output_mode=JSON, prompt_layout=SECTIONS)",case-0027,validation_error,ValidationError,0.36289326401310973,1,json_object,0,10,0.0,False,,address.city;address.postcode;address.street;age;employment.company;employment.role;employment.years;name;tags[0];tags[1],,801
sola-json-sections,"StructuredOutputAdapter(output_mode=JSON, prompt_layout=SECTIONS)",case-0028,validation_error,ValidationError,2.1130933339882176,1,json_object,0,9,0.0,False,,address.city;address.postcode;address.street;age;contacts[0].email;contacts[0].phone;employment;name;tags[0],,1306
sola-json-sections,"StructuredOutputAdapter(output_mode=JSON, prompt_layout=SECTIONS)",case-0029,validation_error,ValidationError,0.22321928199380636,1,json_object,0,11,0.0,False,,address.city;address.postcode;address.street;age;employment.company;employment.role;employment.years;name;tags[0];tags[1];tags[2],,781
sola-jsonish-sections,"StructuredOutputAdapter(output_mode=JSONISH, prompt_layout=SECTIONS)",case-0000,validation_error,ValidationError,0.7844826299988199,1,json_object,0,12,0.0,False,,address.city;address.postcode;address.street;age;contacts[0].email;contacts[0].phone;contacts[1].email;contacts[1].phone;employment;name;tags[0];tags[1],,663
sola-jsonish-sections,"StructuredOutputAdapter(output_mode=JSONISH, prompt_layout=SECTIONS)",case-0001,validation_error,ValidationError,0.9416484510002192,1,json_object,0,14,0.0,False,,address.city;address.postcode;address.street;age;contacts[0].email;contacts[0].phone;contacts[1].email;contacts[1].phone;employment.company;employment.role;employment.years;name;tags[0];tags[1],,707
sola-jsonish-sections,"StructuredOutputAdapter(output_mode=JSONISH, prompt_layout=SECTIONS)",case-0002,validation_error,ValidationError,0.7213488449924625,1,json_object,0,10,0.0,False,,address.city;address.postcode;address.street;age;contacts[0].email;contacts[0].phone;employment;name;tags[0];tags[1],,594
sola-jsonish-sections,"StructuredOutputAdapter(output_mode=JSONISH, prompt_layout=SECTIONS)",case-0003,validation_error,ValidationError,0.7134690179955214,1,json_object,0,11,0.0,False,,address.city;address.postcode;address.street;age;employment.company;employment.role;employment.years;name;tags[0];tags[1];tags[2],,628
sola-jsonish-sections,"StructuredOutputAdapter(output_mode=JSONISH, prompt_layout=SECTIONS)",case-0004,validation_error,ValidationError,0.7585756859916728,1,json_object,0,10,0.0,False,,address.city;address.postcode;address.street;age;contacts[0].email;contacts[0].phone;employment.company;employment.role;employment.years;name,,644
sola-jsonish-sections,"StructuredOutputAdapter(output_mode=JSONISH, prompt_layout=SECTIONS)",case-0005,validation_error,ValidationError,0.8090799000055995,1,json_object,0,8,0.0,False,,address.city;address.postcode;address.street;age;employment;name;tags[0];tags[1],,608
sola-jsonish-sections,"StructuredOutputAdapter(output_mode=JSONISH, prompt_layout=SECTIONS)",case-0006,validation_error,ValidationError,0.730094551021466,1,json_object,0,13,0.0,False,,address.city;address.postcode;address.street;age;contacts[0].email;contacts[0].phone;employment.company;employment.role;employment.years;name;tags[0];tags[1];tags[2],,627
sola-jsonish-sections,"StructuredOutputAdapter(output_mode=JSONISH, prompt_layout=SECTIONS)",case-0007,validation_error,ValidationError,0.7521827240125276,1,json_object,0,10,0.0,False,,address.city;address.postcode;address.street;age;employment.company;employment.role;employment.years;name;tags[0];tags[1],,619
sola-jsonish-sections,"StructuredOutputAdapter(output_mode=JSONISH, prompt_layout=SECTIONS)",case-0008,validation_error,ValidationError,0.7903624290192965,1,json_object,0,8,0.0,False,,address.city;address.postcode;address.street;age;employment.company;employment.role;employment.years;name,,608
sola-jsonish-sections,"StructuredOutputAdapter(output_mode=JSONISH, prompt_layout=SECTIONS)",case-0009,validation_error,ValidationError,0.9477316589909606,1,json_object,0,10,0.0,False,,address.city;address.postcode;address.street;age;employment.company;employment.role;employment.years;name;tags[0];tags[1],,673
sola-jsonish-sections,"StructuredOutputAdapter(output_mode=JSONISH, prompt_layout=SECTIONS)",case-0010,validation_error,ValidationError,0.6593525480129756,1,json_object,0,14,0.0,False,,address.city;address.postcode;address.street;age;contacts[0].email;contacts[0].phone;contacts[1].email;contacts[1].phone;employment.company;employment.role;employment.years;name;tags[0];tags[1],,653
sola-jsonish-sections,"StructuredOutputAdapter(output_mode=JSONISH, prompt_layout=SECTIONS)",case-0011,validation_error,ValidationError,0.8004393829905894,1,json_object,0,9,0.0,False,,address.city;address.postcode;address.street;age;contacts[0].email;contacts[0].phone;employment;name;tags[0],,637
sola-jsonish-sections,"StructuredOutputAdapter(output_mode=JSONISH, prompt_layout=SECTIONS)",case-0012,validation_error,ValidationError,1.0316243729903363,1,json_object,0,12,0.0,False,,address.city;address.postcode;address.street;age;contacts[0].email;contacts[0].phone;employment.company;employment.role;employment.years;name;tags[0];tags[1],,695
sola-jsonish-sections,"StructuredOutputAdapter(output_mode=JSONISH, prompt_layout=SECTIONS)",case-0013,validation_error,ValidationError,0.8254980839847121,1,json_object,0,11,0.0,False,,address.city;address.postcode;address.street;age;contacts[0].email;contacts[0].phone;employment.company;employment.role;employment.years;name;tags[0],,633
sola-jsonish-sections,"StructuredOutputAdapter(output_mode=JSONISH, prompt_layout=SECTIONS)",case-0014,validation_error,ValidationError,0.8299417719827034,1,json_object,0,10,0.0,False,,address.city;address.postcode;address.street;age;employment.company;employment.role;employment.years;name;tags[0];tags[1],,613
sola-jsonish-sections,"StructuredOutputAdapter(output_mode=JSONISH, prompt_layout=SECTIONS)",case-0015,validation_error,ValidationError,0.844978548004292,1,json_object,0,10,0.0,False,,address.city;address.postcode;address.street;age;contacts[0].email;contacts[0].phone;employment.company;employment.role;employment.years;name,,645
sola-jsonish-sections,"StructuredOutputAdapter(output_mode=JSONISH, prompt_layout=SECTIONS)",case-0016,validation_error,ValidationError,0.8215056910121348,1,json_object,0,12,0.0,False,,address.city;address.postcode;address.street;age;contacts[0].email;contacts[0].phone;contacts[1].email;contacts[1].phone;employment.company;employment.role;employment.years;name,,692
sola-jsonish-sections,"StructuredOutputAdapter(output_mode=JSONISH, prompt_layout=SECTIONS)",case-0017,validation_error,ValidationError,0.46800685502239503,1,json_object,0,10,0.0,False,,address.city;address.postcode;address.street;age;contacts[0].email;contacts[0].phone;employment.company;employment.role;employment.years;name,,520
sola-jsonish-sections,"StructuredOutputAdapter(output_mode=JSONISH, prompt_layout=SECTIONS)",case-0018,validation_error,ValidationError,0.7798865780059714,1,json_object,0,12,0.0,False,,address.city;address.postcode;address.street;age;contacts[0].email;contacts[0].phone;employment.company;employment.role;employment.years;name;tags[0];tags[1],,631
sola-jsonish-sections,"StructuredOutputAdapter(output_mode=JSONISH, prompt_layout=SECTIONS)",case-0019,validation_error,ValidationError,0.7921727729844861,1,json_object,0,13,0.0,False,,address.city;address.postcode;address.street;age;contacts[0].email;contacts[0].phone;employment.company;employment.role;employment.years;name;tags[0];tags[1];tags[2],,640
sola-jsonish-sections,"StructuredOutputAdapter(output_mode=JSONISH, prompt_layout=SECTIONS)",case-0020,validation_error,ValidationError,0.8057240570196882,1,json_object,0,8,0.0,False,,address.city;address.postcode;address.street;age;employment;name;tags[0];tags[1],,602
sola-jsonish-sections,"StructuredOutputAdapter(output_mode=JSONISH, prompt_layout=SECTIONS)",case-0021,validation_error,ValidationError,0.7615604480088223,1,json_object,0,13,0.0,False,,address.city;address.postcode;address.street;age;contacts[0].email;contacts[0].phone;contacts[1].email;contacts[1].phone;employment.company;employment.role;employment.years;name;tags[0],,628
sola-jsonish-sections,"StructuredOutputAdapter(output_mode=JSONISH, prompt_layout=SECTIONS)",case-0022,validation_error,ValidationError,0.8142866900016088,1,json_object,0,8,0.0,False,,address.city;address.postcode;address.street;age;contacts[0].email;contacts[0].phone;employment;name,,605
sola-jsonish-sections,"StructuredOutputAdapter(output_mode=JSONISH, prompt_layout=SECTIONS)",case-0023,validation_error,ValidationError,0.6948509539943188,1,json_object,0,15,0.0,False,,address.city;address.postcode;address.street;age;contacts[0].email;contacts[0].phone;contacts[1].email;contacts[1].phone;employment.company;employment.role;employment.years;name;tags[0];tags[1];tags[2],,652
sola-jsonish-sections,"StructuredOutputAdapter(output_mode=JSONISH, prompt_layout=SECTIONS)",case-0024,validation_error,ValidationError,0.774713448015973,1,json_object,0,10,0.0,False,,address.city;address.postcode;address.street;age;contacts[0].email;contacts[0].phone;employment.company;employment.role;employment.years;name,,657
sola-jsonish-sections,"StructuredOutputAdapter(output_mode=JSONISH, prompt_layout=SECTIONS)",case-0025,validation_error,ValidationError,0.7147856459778268,1,json_object,0,10,0.0,False,,address.city;address.postcode;address.street;age;contacts[0].email;contacts[0].phone;contacts[1].email;contacts[1].phone;employment;name,,629
sola-jsonish-sections,"StructuredOutputAdapter(output_mode=JSONISH, prompt_layout=SECTIONS)",case-0026,validation_error,ValidationError,0.7110570789955091,1,json_object,0,12,0.0,False,,address.city;address.postcode;address.street;age;contacts[0].email;contacts[0].phone;employment.company;employment.role;employment.years;name;tags[0];tags[1],,635
sola-jsonish-sections,"StructuredOutputAdapter(output_mode=JSONISH, prompt_layout=SECTIONS)",case-0027,validation_error,ValidationError,0.8735775059903972,1,json_object,0,10,0.0,False,,address.city;address.postcode;address.street;age;employment.company;employment.role;employment.years;name;tags[0];tags[1],,629
sola-jsonish-sections,"StructuredOutputAdapter(output_mode=JSONISH, prompt_layout=SECTIONS)",case-0028,validation_error,ValidationError,0.695513401995413,1,json_object,0,9,0.0,False,,address.city;address.postcode;address.street;age;contacts[0].email;contacts[0].phone;employment;name;tags[0],,611
sola-jsonish-sections,"StructuredOutputAdapter(output_mode=JSONISH, prompt_layout=SECTIONS)",case-0029,validation_error,ValidationError,0.8771665219974238,1,json_object,0,11,0.0,False,,address.city;address.postcode;address.street;age;employment.company;employment.role;employment.years;name;tags[0];tags[1];tags[2],,671
sola-yaml-sections,"StructuredOutputAdapter(output_mode=YAML, prompt_layout=SECTIONS)",case-0000,validation_error,ValidationError,0.485439897980541,1,none,0,12,0.0,False,,address.city;address.postcode;address.street;age;contacts[0].email;contacts[0].phone;contacts[1].email;contacts[1].phone;employment;name;tags[0];tags[1],,549
sola-yaml-sections,"StructuredOutputAdapter(output_mode=YAML, prompt_layout=SECTIONS)",case-0001,validation_error,ValidationError,0.10223369800951332,1,none,0,14,0.0,False,,address.city;address.postcode;address.street;age;contacts[0].email;contacts[0].phone;contacts[1].email;contacts[1].phone;employment.company;employment.role;employment.years;name;tags[0];tags[1],,458
sola-yaml-sections,"StructuredOutputAdapter(output_mode=YAML, prompt_layout=SECTIONS)",case-0002,validation_error,ValidationError,0.9900945779809263,1,none,0,10,0.0,False,,address.city;address.postcode;address.street;age;contacts[0].email;contacts[0].phone;employment;name;tags[0];tags[1],,651
sola-yaml-sections,"StructuredOutputAdapter(output_mode=YAML, prompt_layout=SECTIONS)",case-0003,validation_error,ValidationError,0.492844222986605,1,none,0,11,0.0,False,,address.city;address.postcode;address.street;age;employment.company;employment.role;employment.years;name;tags[0];tags[1];tags[2],,526
sola-yaml-sections,"StructuredOutputAdapter(output_mode=YAML, prompt_layout=SECTIONS)",case-0004,validation_error,ValidationError,3.254273111000657,1,none,0,10,0.0,False,,address.city;address.postcode;address.street;age;contacts[0].email;contacts[0].phone;employment.company;employment.role;employment.years;name,,1320
sola-yaml-sections,"StructuredOutputAdapter(output_mode=YAML, prompt_layout=SECTIONS)",case-0005,parse_error,AdapterParseError,2.111067775025731,1,none,0,8,0.0,False,,address.city;address.postcode;address.street;age;employment;name;tags[0];tags[1],,956
sola-yaml-sections,"StructuredOutputAdapter(output_mode=YAML, prompt_layout=SECTIONS)",case-0006,validation_error,ValidationError,0.8950125400151592,1,none,0,13,0.0,False,,address.city;address.postcode;address.street;age;contacts[0].email;contacts[0].phone;employment.company;employment.role;employment.years;name;tags[0];tags[1];tags[2],,649
sola-yaml-sections,"StructuredOutputAdapter(output_mode=YAML, prompt_layout=SECTIONS)",case-0007,parse_error,AdapterParseError,0.6263480109919328,1,none,0,10,0.0,False,,address.city;address.postcode;address.street;age;employment.company;employment.role;employment.years;name;tags[0];tags[1],,562
sola-yaml-sections,"StructuredOutputAdapter(output_mode=YAML, prompt_layout=SECTIONS)",case-0008,validation_error,ValidationError,0.4883647859969642,1,none,0,8,0.0,False,,address.city;address.postcode;address.street;age;employment.company;employment.role;employment.years;name,,513
sola-yaml-sections,"StructuredOutputAdapter(output_mode=YAML, prompt_layout=SECTIONS)",case-0009,validation_error,ValidationError,0.5231483860115986,1,none,0,10,0.0,False,,address.city;address.postcode;address.street;age;employment.company;employment.role;employment.years;name;tags[0];tags[1],,539
sola-yaml-sections,"StructuredOutputAdapter(output_mode=YAML, prompt_layout=SECTIONS)",case-0010,validation_error,ValidationError,0.48748706601327285,1,none,0,14,0.0,False,,address.city;address.postcode;address.street;age;contacts[0].email;contacts[0].phone;contacts[1].email;contacts[1].phone;employment.company;employment.role;employment.years;name;tags[0];tags[1],,561
sola-yaml-sections,"StructuredOutputAdapter(output_mode=YAML, prompt_layout=SECTIONS)",case-0011,parse_error,AdapterParseError,1.0524440520093776,1,none,0,9,0.0,False,,address.city;address.postcode;address.street;age;contacts[0].email;contacts[0].phone;employment;name;tags[0],,682
sola-yaml-sections,"StructuredOutputAdapter(output_mode=YAML, prompt_layout=SECTIONS)",case-0012,validation_error,ValidationError,0.5920396209985483,1,none,0,12,0.0,False,,address.city;address.postcode;address.street;age;contacts[0].email;contacts[0].phone;employment.company;employment.role;employment.years;name;tags[0];tags[1],,532
sola-yaml-sections,"StructuredOutputAdapter(output_mode=YAML, prompt_layout=SECTIONS)",case-0013,validation_error,ValidationError,0.541263908991823,1,none,0,11,0.0,False,,address.city;address.postcode;address.street;age;contacts[0].email;contacts[0].phone;employment.company;employment.role;employment.years;name;tags[0],,520
sola-yaml-sections,"StructuredOutputAdapter(output_mode=YAML, prompt_layout=SECTIONS)",case-0014,validation_error,ValidationError,1.3426872220006771,1,none,0,10,0.0,False,,address.city;address.postcode;address.street;age;employment.company;employment.role;employment.years;name;tags[0];tags[1],,744
sola-yaml-sections,"StructuredOutputAdapter(output_mode=YAML, prompt_layout=SECTIONS)",case-0015,validation_error,ValidationError,2.8521974209870677,1,none,0,10,0.0,False,,address.city;address.postcode;address.street;age;contacts[0].email;contacts[0].phone;employment.company;employment.role;employment.years;name,,1158
sola-yaml-sections,"StructuredOutputAdapter(output_mode=YAML, prompt_layout=SECTIONS)",case-0016,validation_error,ValidationError,0.8644398670003284,1,none,0,12,0.0,False,,address.city;address.postcode;address.street;age;contacts[0].email;contacts[0].phone;contacts[1].email;contacts[1].phone;employment.company;employment.role;employment.years;name,,659
sola-yaml-sections,"StructuredOutputAdapter(output_mode=YAML, prompt_layout=SECTIONS)",case-0017,validation_error,ValidationError,0.7236186359950807,1,none,0,10,0.0,False,,address.city;address.postcode;address.street;age;contacts[0].email;contacts[0].phone;employment.company;employment.role;employment.years;name,,568
sola-yaml-sections,"StructuredOutputAdapter(output_mode=YAML, prompt_layout=SECTIONS)",case-0018,validation_error,ValidationError,0.5211468470224645,1,none,0,12,0.0,False,,address.city;address.postcode;address.street;age;contacts[0].email;contacts[0].phone;employment.company;employment.role;employment.years;name;tags[0];tags[1],,541
sola-yaml-sections,"StructuredOutputAdapter(output_mode=YAML, prompt_layout=SECTIONS)",case-0019,validation_error,ValidationError,0.5042923580040224,1,none,0,13,0.0,False,,address.city;address.postcode;address.street;age;contacts[0].email;contacts[0].phone;employment.company;employment.role;employment.years;name;tags[0];tags[1];tags[2],,532
sola-yaml-sections,"StructuredOutputAdapter(output_mode=YAML, prompt_layout=SECTIONS)",case-0020,validation_error,ValidationError,0.4893829800130334,1,none,0,8,0.0,False,,address.city;address.postcode;address.street;age;employment;name;tags[0];tags[1],,486
sola-yaml-sections,"StructuredOutputAdapter(output_mode=YAML, prompt_layout=SECTIONS)",case-0021,validation_error,ValidationError,0.4626472989912145,1,none,0,13,0.0,False,,address.city;address.postcode;address.street;age;contacts[0].email;contacts[0].phone;contacts[1].email;contacts[1].phone;employment.company;employment.role;employment.years;name;tags[0],,538
sola-yaml-sections,"StructuredOutputAdapter(output_mode=YAML, prompt_layout=SECTIONS)",case-0022,validation_error,ValidationError,0.4431707540061325,1,none,0,8,0.0,False,,address.city;address.postcode;address.street;age;contacts[0].email;contacts[0].phone;employment;name,,507
sola-yaml-sections,"StructuredOutputAdapter(output_mode=YAML, prompt_layout=SECTIONS)",case-0023,validation_error,ValidationError,0.746886591980001,1,none,0,15,0.0,False,,address.city;address.postcode;address.street;age;contacts[0].email;contacts[0].phone;contacts[1].email;contacts[1].phone;employment.company;employment.role;employment.years;name;tags[0];tags[1];tags[2],,623
sola-yaml-sections,"StructuredOutputAdapter(output_mode=YAML, prompt_layout=SECTIONS)",case-0024,validation_error,ValidationError,0.8272926049830858,1,none,0,10,0.0,False,,address.city;address.postcode;address.street;age;contacts[0].email;contacts[0].phone;employment.company;employment.role;employment.years;name,,634
sola-yaml-sections,"StructuredOutputAdapter(output_mode=YAML, prompt_layout=SECTIONS)",case-0025,validation_error,ValidationError,0.13544826398720033,1,none,0,10,0.0,False,,address.city;address.postcode;address.street;age;contacts[0].email;contacts[0].phone;contacts[1].email;contacts[1].phone;employment;name,,430
sola-yaml-sections,"StructuredOutputAdapter(output_mode=YAML, prompt_layout=SECTIONS)",case-0026,validation_error,ValidationError,0.6213186330278404,1,none,0,12,0.0,False,,address.city;address.postcode;address.street;age;contacts[0].email;contacts[0].phone;employment.company;employment.role;employment.years;name;tags[0];tags[1],,560
sola-yaml-sections,"StructuredOutputAdapter(output_mode=YAML, prompt_layout=SECTIONS)",case-0027,validation_error,ValidationError,0.5703662099840585,1,none,0,10,0.0,False,,address.city;address.postcode;address.street;age;employment.company;employment.role;employment.years;name;tags[0];tags[1],,534
sola-yaml-sections,"StructuredOutputAdapter(output_mode=YAML, prompt_layout=SECTIONS)",case-0028,validation_error,ValidationError,0.6863471060059965,1,none,0,9,0.0,False,,address.city;address.postcode;address.street;age;contacts[0].email;contacts[0].phone;employment;name;tags[0],,576
sola-yaml-sections,"StructuredOutputAdapter(output_mode=YAML, prompt_layout=SECTIONS)",case-0029,validation_error,ValidationError,0.635702808998758,1,none,0,11,0.0,False,,address.city;address.postcode;address.street;age;employment.company;employment.role;employment.years;name;tags[0];tags[1];tags[2],,565
sola-jsonish-rescue,"StructuredOutputAdapter(output_mode=JSONISH, prompt_layout=SECTIONS, parse_config=ParseConfig())",case-0000,validation_error,ValidationError,0.8042163099744357,1,json_object,0,12,0.0,False,,address.city;address.postcode;address.street;age;contacts[0].email;contacts[0].phone;contacts[1].email;contacts[1].phone;employment;name;tags[0];tags[1],,663
sola-jsonish-rescue,"StructuredOutputAdapter(output_mode=JSONISH, prompt_layout=SECTIONS, parse_config=ParseConfig())",case-0001,validation_error,ValidationError,0.9286957700096536,1,json_object,0,14,0.0,False,,address.city;address.postcode;address.street;age;contacts[0].email;contacts[0].phone;contacts[1].email;contacts[1].phone;employment.company;employment.role;employment.years;name;tags[0];tags[1],,707
sola-jsonish-rescue,"StructuredOutputAdapter(output_mode=JSONISH, prompt_layout=SECTIONS, parse_config=ParseConfig())",case-0002,validation_error,ValidationError,0.7559566650015768,1,json_object,0,10,0.0,False,,address.city;address.postcode;address.street;age;contacts[0].email;contacts[0].phone;employment;name;tags[0];tags[1],,594
sola-jsonish-rescue,"StructuredOutputAdapter(output_mode=JSONISH, prompt_layout=SECTIONS, parse_config=ParseConfig())",case-0003,validation_error,ValidationError,0.8116350559866987,1,json_object,0,11,0.0,False,,address.city;address.postcode;address.street;age;employment.company;employment.role;employment.years;name;tags[0];tags[1];tags[2],,628
sola-jsonish-rescue,"StructuredOutputAdapter(output_mode=JSONISH, prompt_layout=SECTIONS, parse_config=ParseConfig())",case-0004,validation_error,ValidationError,0.8337167690042406,1,json_object,0,10,0.0,False,,address.city;address.postcode;address.street;age;contacts[0].email;contacts[0].phone;employment.company;employment.role;employment.years;name,,644
sola-jsonish-rescue,"StructuredOutputAdapter(output_mode=JSONISH, prompt_layout=SECTIONS, parse_config=ParseConfig())",case-0005,validation_error,ValidationError,0.8777589370147325,1,json_object,0,8,0.0,False,,address.city;address.postcode;address.street;age;employment;name;tags[0];tags[1],,608
sola-jsonish-rescue,"StructuredOutputAdapter(output_mode=JSONISH, prompt_layout=SECTIONS, parse_config=ParseConfig())",case-0006,validation_error,ValidationError,0.7494161409849767,1,json_object,0,13,0.0,False,,address.city;address.postcode;address.street;age;contacts[0].email;contacts[0].phone;employment.company;employment.role;employment.years;name;tags[0];tags[1];tags[2],,627
sola-jsonish-rescue,"StructuredOutputAdapter(output_mode=JSONISH, prompt_layout=SECTIONS, parse_config=ParseConfig())",case-0007,validation_error,ValidationError,0.7979693509987555,1,json_object,0,10,0.0,False,,address.city;address.postcode;address.street;age;employment.company;employment.role;employment.years;name;tags[0];tags[1],,619
sola-jsonish-rescue,"StructuredOutputAdapter(output_mode=JSONISH, prompt_layout=SECTIONS, parse_config=ParseConfig())",case-0008,validation_error,ValidationError,0.800755560019752,1,json_object,0,8,0.0,False,,address.city;address.postcode;address.street;age;employment.company;employment.role;employment.years;name,,608
sola-jsonish-rescue,"StructuredOutputAdapter(output_mode=JSONISH, prompt_layout=SECTIONS, parse_config=ParseConfig())",case-0009,validation_error,ValidationError,0.9076777799928095,1,json_object,0,10,0.0,False,,address.city;address.postcode;address.street;age;employment.company;employment.role;employment.years;name;tags[0];tags[1],,673
sola-jsonish-rescue,"StructuredOutputAdapter(output_mode=JSONISH, prompt_layout=SECTIONS, parse_config=ParseConfig())",case-0010,validation_error,ValidationError,0.6688953599950764,1,json_object,0,14,0.0,False,,address.city;address.postcode;address.street;age;contacts[0].email;contacts[0].phone;contacts[1].email;contacts[1].phone;employment.company;employment.role;employment.years;name;tags[0];tags[1],,653
sola-jsonish-rescue,"StructuredOutputAdapter(output_mode=JSONISH, prompt_layout=SECTIONS, parse_config=ParseConfig())",case-0011,validation_error,ValidationError,0.7570339320227504,1,json_object,0,9,0.0,False,,address.city;address.postcode;address.street;age;contacts[0].email;contacts[0].phone;employment;name;tags[0],,637
sola-jsonish-rescue,"StructuredOutputAdapter(output_mode=JSONISH, prompt_layout=SECTIONS, parse_config=ParseConfig())",case-0012,validation_error,ValidationError,0.9730226740066428,1,json_object,0,12,0.0,False,,address.city;address.postcode;address.street;age;contacts[0].email;contacts[0].phone;employment.company;employment.role;employment.years;name;tags[0];tags[1],,695
sola-jsonish-rescue,"StructuredOutputAdapter(output_mode=JSONISH, prompt_layout=SECTIONS, parse_config=ParseConfig())",case-0013,validation_error,ValidationError,0.7695322190120351,1,json_object,0,11,0.0,False,,address.city;address.postcode;address.street;age;contacts[0].email;contacts[0].phone;employment.company;employment.role;employment.years;name;tags[0],,633
sola-jsonish-rescue,"StructuredOutputAdapter(output_mode=JSONISH, prompt_layout=SECTIONS, parse_config=ParseConfig())",case-0014,validation_error,ValidationError,0.7689538010163233,1,json_object,0,10,0.0,False,,address.city;address.postcode;address.street;age;employment.company;employment.role;employment.years;name;tags[0];tags[1],,613
sola-jsonish-rescue,"StructuredOutputAdapter(output_mode=JSONISH, prompt_layout=SECTIONS, parse_config=ParseConfig())",case-0015,validation_error,ValidationError,0.7646385179832578,1,json_object,0,10,0.0,False,,address.city;address.postcode;address.street;age;contacts[0].email;contacts[0].phone;employment.company;employment.role;employment.years;name,,645
sola-jsonish-rescue,"StructuredOutputAdapter(output_mode=JSONISH, prompt_layout=SECTIONS, parse_config=ParseConfig())",case-0016,validation_error,ValidationError,0.7378832369868178,1,json_object,0,12,0.0,False,,address.city;address.postcode;address.street;age;contacts[0].email;contacts[0].phone;contacts[1].email;contacts[1].phone;employment.company;employment.role;employment.years;name,,692
sola-jsonish-rescue,"StructuredOutputAdapter(output_mode=JSONISH, prompt_layout=SECTIONS, parse_config=ParseConfig())",case-0017,validation_error,ValidationError,0.4022702880029101,1,json_object,0,10,0.0,False,,address.city;address.postcode;address.street;age;contacts[0].email;contacts[0].phone;employment.company;employment.role;employment.years;name,,520
sola-jsonish-rescue,"StructuredOutputAdapter(output_mode=JSONISH, prompt_layout=SECTIONS, parse_config=ParseConfig())",case-0018,validation_error,ValidationError,0.6745127149915788,1,json_object,0,12,0.0,False,,address.city;address.postcode;address.street;age;contacts[0].email;contacts[0].phone;employment.company;employment.role;employment.years;name;tags[0];tags[1],,631
sola-jsonish-rescue,"StructuredOutputAdapter(output_mode=JSONISH, prompt_layout=SECTIONS, parse_config=ParseConfig())",case-0019,validation_error,ValidationError,0.7423505170154385,1,json_object,0,13,0.0,False,,address.city;address.postcode;address.street;age;contacts[0].email;contacts[0].phone;employment.company;employment.role;employment.years;name;tags[0];tags[1];tags[2],,640
sola-jsonish-rescue,"StructuredOutputAdapter(output_mode=JSONISH, prompt_layout=SECTIONS, parse_config=ParseConfig())",case-0020,validation_error,ValidationError,0.8603195720061194,1,json_object,0,8,0.0,False,,address.city;address.postcode;address.street;age;employment;name;tags[0];tags[1],,602
sola-jsonish-rescue,"StructuredOutputAdapter(output_mode=JSONISH, prompt_layout=SECTIONS, parse_config=ParseConfig())",case-0021,validation_error,ValidationError,0.6582446779939346,1,json_object,0,13,0.0,False,,address.city;address.postcode;address.street;age;contacts[0].email;contacts[0].phone;contacts[1].email;contacts[1].phone;employment.company;employment.role;employment.years;name;tags[0],,628
sola-jsonish-rescue,"StructuredOutputAdapter(output_mode=JSONISH, prompt_layout=SECTIONS, parse_config=ParseConfig())",case-0022,validation_error,ValidationError,0.7027450960013084,1,json_object,0,8,0.0,False,,address.city;address.postcode;address.street;age;contacts[0].email;contacts[0].phone;employment;name,,605
sola-jsonish-rescue,"StructuredOutputAdapter(output_mode=JSONISH, prompt_layout=SECTIONS, parse_config=ParseConfig())",case-0023,validation_error,ValidationError,0.6444334279804025,1,json_object,0,15,0.0,False,,address.city;address.postcode;address.street;age;contacts[0].email;contacts[0].phone;contacts[1].email;contacts[1].phone;employment.company;employment.role;employment.years;name;tags[0];tags[1];tags[2],,652
sola-jsonish-rescue,"StructuredOutputAdapter(output_mode=JSONISH, prompt_layout=SECTIONS, parse_config=ParseConfig())",case-0024,validation_error,ValidationError,0.8172402250056621,1,json_object,0,10,0.0,False,,address.city;address.postcode;address.street;age;contacts[0].email;contacts[0].phone;employment.company;employment.role;employment.years;name,,657
sola-jsonish-rescue,"StructuredOutputAdapter(output_mode=JSONISH, prompt_layout=SECTIONS, parse_config=ParseConfig())",case-0025,validation_error,ValidationError,0.7111465320049319,1,json_object,0,10,0.0,False,,address.city;address.postcode;address.street;age;contacts[0].email;contacts[0].phone;contacts[1].email;contacts[1].phone;employment;name,,629
sola-jsonish-rescue,"StructuredOutputAdapter(output_mode=JSONISH, prompt_layout=SECTIONS, parse_config=ParseConfig())",case-0026,validation_error,ValidationError,0.694224260019837,1,json_object,0,12,0.0,False,,address.city;address.postcode;address.street;age;contacts[0].email;contacts[0].phone;employment.company;employment.role;employment.years;name;tags[0];tags[1],,635
sola-jsonish-rescue,"StructuredOutputAdapter(output_mode=JSONISH, prompt_layout=SECTIONS, parse_config=ParseConfig())",case-0027,validation_error,ValidationError,0.8521308780182153,1,json_object,0,10,0.0,False,,address.city;address.postcode;address.street;age;employment.company;employment.role;employment.years;name;tags[0];tags[1],,629
sola-jsonish-rescue,"StructuredOutputAdapter(output_mode=JSONISH, prompt_layout=SECTIONS, parse_config=ParseConfig())",case-0028,validation_error,ValidationError,0.6751298689923715,1,json_object,0,9,0.0,False,,address.city;address.postcode;address.street;age;contacts[0].email;contacts[0].phone;employment;name;tags[0],,611
sola-jsonish-rescue,"StructuredOutputAdapter(output_mode=JSONISH, prompt_layout=SECTIONS, parse_config=ParseConfig())",case-0029,validation_error,ValidationError,0.9011024190112948,1,json_object,0,11,0.0,False,,address.city;address.postcode;address.street;age;employment.company;employment.role;employment.years;name;tags[0];tags[1];tags[2],,671
